,Product_Description,Product_Image,Product_Price
0,Kichler - 49603LD - Halleron Londonderry 12 Inch 3 Light Outdoor Pendant,https://www.cdn.lamps.com/media/catalog/product/cache/1/small_image/9df78eab33525d08d6e5fb8d27136e95/KI/product/49603LD.jpg,$420.00
1,Quoizel - FQ1920MK01 - Fort Quinn Marcado Black Outdoor Hanging Lantern,https://www.cdn.lamps.com/media/catalog/product/cache/1/small_image/9df78eab33525d08d6e5fb8d27136e95/QZL/product/FQ1920MK01.jpg,$849.99
2,Feiss - OL1013ORB - Homestead Oil Rubbed Bronze 2 Light Outdoor Flush Mount,https://www.cdn.lamps.com/media/catalog/product/cache/1/small_image/9df78eab33525d08d6e5fb8d27136e95/FE/product/FS-OL1013ORB.jpg,$249.00
3,Savoy House - 5-3455-BK - Dunnmore Black 18.75 Inch Outdoor Pendant,https://www.cdn.lamps.com/media/catalog/product/cache/1/small_image/9df78eab33525d08d6e5fb8d27136e95/SH/product/5-3455-BK.jpg,$196.00
4,Savoy House - 5-146-13 - Ellijay English Bronze 15.75 Inch Outdoor Pendant,https://www.cdn.lamps.com/media/catalog/product/cache/1/small_image/9df78eab33525d08d6e5fb8d27136e95/SH/product/5-146-13.jpg,$238.00
5,Kichler - 9834WH - Builder White 4.5 Inch 1 Light Outdoor Flush Mount,https://www.cdn.lamps.com/media/catalog/product/cache/1/small_image/9df78eab33525d08d6e5fb8d27136e95/KI/product/9834WH.jpg,$36.00
6,Kichler - 15409OZ - Zen Garden Olde Bronze 25 Inch 4 Light Outdoor Chandelier,https://www.cdn.lamps.com/media/catalog/product/cache/1/small_image/9df78eab33525d08d6e5fb8d27136e95/KI/product/15409OZ.jpg,$896.00
7,The Great Outdoors - 72174-189 - Irvington Manor 15.5 Inch Chelsea Bronze Outdoor Pendant,https://www.cdn.lamps.com/media/catalog/product/cache/1/small_image/9df78eab33525d08d6e5fb8d27136e95/GO/product/72174-189.jpg,$179.95
8,Quoizel - RO1914AC - Rue De Royal Aged Copper Outdoor Hanging Lantern,https://www.cdn.lamps.com/media/catalog/product/cache/1/small_image/9df78eab33525d08d6e5fb8d27136e95/QZL/product/RO1914AC.jpg,$799.99
9,Maxim Lighting - 40030CDSE - Santa Barbara Sienna Incandescent Outdoor Flush Mount,https://www.cdn.lamps.com/media/catalog/product/cache/1/small_image/9df78eab33525d08d6e5fb8d27136e95/MAX/product/40030CDSE.jpg,$134.00
10,Maxim Lighting - 3429WGOB - Carriage House Oriental Bronze 9.5 Inch 2 Light Incandescent Outdoor Flush Mount,https://www.cdn.lamps.com/media/catalog/product/cache/1/small_image/9df78eab33525d08d6e5fb8d27136e95/MAX/product/3429WGOB.jpg,$122.00
11,ELK Lighting - 87023/1 - Madagascar Matte Black 14 Inch 1 Light Outdoor Pendant,https://www.cdn.lamps.com/media/catalog/product/cache/1/small_image/9df78eab33525d08d6e5fb8d27136e95/ELK/product/87023_1.jpg,$138.00
12,Quoizel - MHE1910K - Millhouse Mystic Black Outdoor Hanging Lantern,https://www.cdn.lamps.com/media/catalog/product/cache/1/small_image/9df78eab33525d08d6e5fb8d27136e95/QZL/product/MHE1910K.jpg,$249.99
13,Kichler - 49587OZ - Westington Olde Bronze 12 Inch 1 Light Outdoor Pendant,https://www.cdn.lamps.com/media/catalog/product/cache/1/small_image/9df78eab33525d08d6e5fb8d27136e95/KI/product/49587OZ.jpg,$198.00
14,Feiss - OL7411ASTB - Whitaker Astral Bronze 3 Light Outdoor Pendant,https://www.cdn.lamps.com/media/catalog/product/cache/1/small_image/9df78eab33525d08d6e5fb8d27136e95/FE/product/FS-OL7411ASTB.jpg,$359.00
15,NO DESCRIPTION FOUND,https://www.cdn.lamps.com/media/catalog/product/cache/1/small_image/9df78eab33525d08d6e5fb8d27136e95/QZL/product/COR1611CU.jpg,119.9900
16,The Great Outdoors - 72164-179 - Settlers Way 18.5 Inch Textured French Bronze Outdoor Pendant,https://www.cdn.lamps.com/media/catalog/product/cache/1/small_image/9df78eab33525d08d6e5fb8d27136e95/GO/product/72164-179.jpg,$52.50
17,The Great Outdoors - 8619-A61 - Taylor Court 6.5 Inch Vintage Rust Outdoor Flush Mount,https://www.cdn.lamps.com/media/catalog/product/cache/1/small_image/9df78eab33525d08d6e5fb8d27136e95/GO/product/8619-A61.jpg,$89.95
18,Savoy House - 7-7090-4-49 - Aiken Winterwood 4 Light Outdoor Chandelier,https://www.cdn.lamps.com/media/catalog/product/cache/1/small_image/9df78eab33525d08d6e5fb8d27136e95/SH/product/7-7090-4-49.jpg,$558.00
19,Savoy House - 5-3806-40 - Realto Walnut Patina 27.5 Inch Outdoor Pendant,https://www.cdn.lamps.com/media/catalog/product/cache/1/small_image/9df78eab33525d08d6e5fb8d27136e95/SH/product/5-3806-40.jpg,$390.00
20,ELK Lighting - 45092/1 - Meditterano Charcoal 13 Inch 1 Light Outdoor pendant,https://www.cdn.lamps.com/media/catalog/product/cache/1/small_image/9df78eab33525d08d6e5fb8d27136e95/ELK/product/45092_1.jpg,$110.00
21,Savoy House - 5-145-13 - Ellijay English Bronze 20.75 Inch Outdoor Pendant,https://www.cdn.lamps.com/media/catalog/product/cache/1/small_image/9df78eab33525d08d6e5fb8d27136e95/SH/product/5-145-13.jpg,$338.00
22,Kichler - 49389OZ - Manningham Olde Bronze 11.75 Inch 2 Light Outdoor Flush Mount,https://www.cdn.lamps.com/media/catalog/product/cache/1/small_image/9df78eab33525d08d6e5fb8d27136e95/KI/product/49389OZ.jpg,$220.00
23,Kichler - 49556BKT - Tolerand Textured Black 9.5 Inch 1 Light Outdoor Pendant,https://www.cdn.lamps.com/media/catalog/product/cache/1/small_image/9df78eab33525d08d6e5fb8d27136e95/KI/product/49556BKT.jpg,$270.00
24,Quoizel - CM1912AC - Chalmers Aged Copper Outdoor Hanging Lantern,https://www.cdn.lamps.com/media/catalog/product/cache/1/small_image/9df78eab33525d08d6e5fb8d27136e95/QZL/product/CM1912AC.jpg,$689.99
25,Maxim Lighting - 40429WGOB - Carriage House Oriental Bronze 9.5 Inch 2 Light Incandescent Outdoor Flush Mount,https://www.cdn.lamps.com/media/catalog/product/cache/1/small_image/9df78eab33525d08d6e5fb8d27136e95/MAX/product/40429WGOB.jpg,$158.00
26,NO DESCRIPTION FOUND,https://www.cdn.lamps.com/media/catalog/product/cache/1/small_image/9df78eab33525d08d6e5fb8d27136e95/WAC/product/790576388489.main.jpg,159.0000
27,Maxim Lighting - 55427WGOB - Carriage House Oriental Bronze 25 Inch 1 Light LED Outdoor Hanging Lantern,https://www.cdn.lamps.com/media/catalog/product/cache/1/small_image/9df78eab33525d08d6e5fb8d27136e95/MAX/product/55427WGOB.jpg,$268.00
28,Maxim Lighting - 40177NSCU - Lexington Colonial Umber 3 Light Outdoor Hanging Lantern,https://www.cdn.lamps.com/media/catalog/product/cache/1/small_image/9df78eab33525d08d6e5fb8d27136e95/MAX/product/40177NSCU.jpg,$298.00
29,Kichler - 9831OZ - Savannah Estates Olde Bronze 15 Inch 4 Light Outdoor Pendant,https://www.cdn.lamps.com/media/catalog/product/cache/1/small_image/9df78eab33525d08d6e5fb8d27136e95/KI/product/9831OZ.jpg,$610.00
30,Quoizel - PWL1613WT - Powell Western Bronze Outdoor Flush Mount,https://www.cdn.lamps.com/media/catalog/product/cache/1/small_image/9df78eab33525d08d6e5fb8d27136e95/QZL/product/PWL1613WT.jpg,$249.99
31,NO DESCRIPTION FOUND,https://www.cdn.lamps.com/media/catalog/product/cache/1/small_image/9df78eab33525d08d6e5fb8d27136e95/WAC/product/790576295640.main.jpg,210.0000
32,NO DESCRIPTION FOUND,https://www.cdn.lamps.com/media/catalog/product/cache/1/small_image/9df78eab33525d08d6e5fb8d27136e95/WAC/product/790576295510.main.jpg,279.0000
33,NO DESCRIPTION FOUND,https://www.cdn.lamps.com/media/catalog/product/cache/1/small_image/9df78eab33525d08d6e5fb8d27136e95/WAC/product/DS-CD06-WT.jpg,288.0000
34,Maxim Lighting - 40428WGOB - Carriage House Oriental Bronze 28 Inch 3 Light Incandescent Outdoor Hanging Lantern,https://www.cdn.lamps.com/media/catalog/product/cache/1/small_image/9df78eab33525d08d6e5fb8d27136e95/MAX/product/40428WGOB.jpg,$278.00
35,NO DESCRIPTION FOUND,https://www.cdn.lamps.com/media/catalog/product/cache/1/small_image/9df78eab33525d08d6e5fb8d27136e95/GO/product/8889-A61.jpg,229.9500
36,Kichler - 49603LD - Halleron Londonderry 12 Inch 3 Light Outdoor Pendant,https://www.cdn.lamps.com/media/catalog/product/cache/1/small_image/9df78eab33525d08d6e5fb8d27136e95/KI/product/49603LD.jpg,$420.00
37,Quoizel - FQ1920MK01 - Fort Quinn Marcado Black Outdoor Hanging Lantern,https://www.cdn.lamps.com/media/catalog/product/cache/1/small_image/9df78eab33525d08d6e5fb8d27136e95/QZL/product/FQ1920MK01.jpg,$849.99
38,Feiss - OL1013ORB - Homestead Oil Rubbed Bronze 2 Light Outdoor Flush Mount,https://www.cdn.lamps.com/media/catalog/product/cache/1/small_image/9df78eab33525d08d6e5fb8d27136e95/FE/product/FS-OL1013ORB.jpg,$249.00
39,Savoy House - 5-3455-BK - Dunnmore Black 18.75 Inch Outdoor Pendant,https://www.cdn.lamps.com/media/catalog/product/cache/1/small_image/9df78eab33525d08d6e5fb8d27136e95/SH/product/5-3455-BK.jpg,$196.00
40,Savoy House - 5-146-13 - Ellijay English Bronze 15.75 Inch Outdoor Pendant,https://www.cdn.lamps.com/media/catalog/product/cache/1/small_image/9df78eab33525d08d6e5fb8d27136e95/SH/product/5-146-13.jpg,$238.00
41,Kichler - 9834WH - Builder White 4.5 Inch 1 Light Outdoor Flush Mount,https://www.cdn.lamps.com/media/catalog/product/cache/1/small_image/9df78eab33525d08d6e5fb8d27136e95/KI/product/9834WH.jpg,$36.00
42,Kichler - 15409OZ - Zen Garden Olde Bronze 25 Inch 4 Light Outdoor Chandelier,https://www.cdn.lamps.com/media/catalog/product/cache/1/small_image/9df78eab33525d08d6e5fb8d27136e95/KI/product/15409OZ.jpg,$896.00
43,The Great Outdoors - 72174-189 - Irvington Manor 15.5 Inch Chelsea Bronze Outdoor Pendant,https://www.cdn.lamps.com/media/catalog/product/cache/1/small_image/9df78eab33525d08d6e5fb8d27136e95/GO/product/72174-189.jpg,$179.95
44,Quoizel - RO1914AC - Rue De Royal Aged Copper Outdoor Hanging Lantern,https://www.cdn.lamps.com/media/catalog/product/cache/1/small_image/9df78eab33525d08d6e5fb8d27136e95/QZL/product/RO1914AC.jpg,$799.99
45,Maxim Lighting - 40030CDSE - Santa Barbara Sienna Incandescent Outdoor Flush Mount,https://www.cdn.lamps.com/media/catalog/product/cache/1/small_image/9df78eab33525d08d6e5fb8d27136e95/MAX/product/40030CDSE.jpg,$134.00
46,Maxim Lighting - 3429WGOB - Carriage House Oriental Bronze 9.5 Inch 2 Light Incandescent Outdoor Flush Mount,https://www.cdn.lamps.com/media/catalog/product/cache/1/small_image/9df78eab33525d08d6e5fb8d27136e95/MAX/product/3429WGOB.jpg,$122.00
47,ELK Lighting - 87023/1 - Madagascar Matte Black 14 Inch 1 Light Outdoor Pendant,https://www.cdn.lamps.com/media/catalog/product/cache/1/small_image/9df78eab33525d08d6e5fb8d27136e95/ELK/product/87023_1.jpg,$138.00
48,Quoizel - MHE1910K - Millhouse Mystic Black Outdoor Hanging Lantern,https://www.cdn.lamps.com/media/catalog/product/cache/1/small_image/9df78eab33525d08d6e5fb8d27136e95/QZL/product/MHE1910K.jpg,$249.99
49,Kichler - 49587OZ - Westington Olde Bronze 12 Inch 1 Light Outdoor Pendant,https://www.cdn.lamps.com/media/catalog/product/cache/1/small_image/9df78eab33525d08d6e5fb8d27136e95/KI/product/49587OZ.jpg,$198.00
50,Feiss - OL7411ASTB - Whitaker Astral Bronze 3 Light Outdoor Pendant,https://www.cdn.lamps.com/media/catalog/product/cache/1/small_image/9df78eab33525d08d6e5fb8d27136e95/FE/product/FS-OL7411ASTB.jpg,$359.00
51,NO DESCRIPTION FOUND,https://www.cdn.lamps.com/media/catalog/product/cache/1/small_image/9df78eab33525d08d6e5fb8d27136e95/QZL/product/COR1611CU.jpg,119.9900
52,The Great Outdoors - 72164-179 - Settlers Way 18.5 Inch Textured French Bronze Outdoor Pendant,https://www.cdn.lamps.com/media/catalog/product/cache/1/small_image/9df78eab33525d08d6e5fb8d27136e95/GO/product/72164-179.jpg,$52.50
53,The Great Outdoors - 8619-A61 - Taylor Court 6.5 Inch Vintage Rust Outdoor Flush Mount,https://www.cdn.lamps.com/media/catalog/product/cache/1/small_image/9df78eab33525d08d6e5fb8d27136e95/GO/product/8619-A61.jpg,$89.95
54,Savoy House - 7-7090-4-49 - Aiken Winterwood 4 Light Outdoor Chandelier,https://www.cdn.lamps.com/media/catalog/product/cache/1/small_image/9df78eab33525d08d6e5fb8d27136e95/SH/product/7-7090-4-49.jpg,$558.00
55,Savoy House - 5-3806-40 - Realto Walnut Patina 27.5 Inch Outdoor Pendant,https://www.cdn.lamps.com/media/catalog/product/cache/1/small_image/9df78eab33525d08d6e5fb8d27136e95/SH/product/5-3806-40.jpg,$390.00
56,ELK Lighting - 45092/1 - Meditterano Charcoal 13 Inch 1 Light Outdoor pendant,https://www.cdn.lamps.com/media/catalog/product/cache/1/small_image/9df78eab33525d08d6e5fb8d27136e95/ELK/product/45092_1.jpg,$110.00
57,Savoy House - 5-145-13 - Ellijay English Bronze 20.75 Inch Outdoor Pendant,https://www.cdn.lamps.com/media/catalog/product/cache/1/small_image/9df78eab33525d08d6e5fb8d27136e95/SH/product/5-145-13.jpg,$338.00
58,Kichler - 49389OZ - Manningham Olde Bronze 11.75 Inch 2 Light Outdoor Flush Mount,https://www.cdn.lamps.com/media/catalog/product/cache/1/small_image/9df78eab33525d08d6e5fb8d27136e95/KI/product/49389OZ.jpg,$220.00
59,Kichler - 49556BKT - Tolerand Textured Black 9.5 Inch 1 Light Outdoor Pendant,https://www.cdn.lamps.com/media/catalog/product/cache/1/small_image/9df78eab33525d08d6e5fb8d27136e95/KI/product/49556BKT.jpg,$270.00
60,Quoizel - CM1912AC - Chalmers Aged Copper Outdoor Hanging Lantern,https://www.cdn.lamps.com/media/catalog/product/cache/1/small_image/9df78eab33525d08d6e5fb8d27136e95/QZL/product/CM1912AC.jpg,$689.99
61,Maxim Lighting - 40429WGOB - Carriage House Oriental Bronze 9.5 Inch 2 Light Incandescent Outdoor Flush Mount,https://www.cdn.lamps.com/media/catalog/product/cache/1/small_image/9df78eab33525d08d6e5fb8d27136e95/MAX/product/40429WGOB.jpg,$158.00
62,NO DESCRIPTION FOUND,https://www.cdn.lamps.com/media/catalog/product/cache/1/small_image/9df78eab33525d08d6e5fb8d27136e95/WAC/product/790576388489.main.jpg,159.0000
63,Maxim Lighting - 55427WGOB - Carriage House Oriental Bronze 25 Inch 1 Light LED Outdoor Hanging Lantern,https://www.cdn.lamps.com/media/catalog/product/cache/1/small_image/9df78eab33525d08d6e5fb8d27136e95/MAX/product/55427WGOB.jpg,$268.00
64,Maxim Lighting - 40177NSCU - Lexington Colonial Umber 3 Light Outdoor Hanging Lantern,https://www.cdn.lamps.com/media/catalog/product/cache/1/small_image/9df78eab33525d08d6e5fb8d27136e95/MAX/product/40177NSCU.jpg,$298.00
65,Kichler - 9831OZ - Savannah Estates Olde Bronze 15 Inch 4 Light Outdoor Pendant,https://www.cdn.lamps.com/media/catalog/product/cache/1/small_image/9df78eab33525d08d6e5fb8d27136e95/KI/product/9831OZ.jpg,$610.00
66,Quoizel - PWL1613WT - Powell Western Bronze Outdoor Flush Mount,https://www.cdn.lamps.com/media/catalog/product/cache/1/small_image/9df78eab33525d08d6e5fb8d27136e95/QZL/product/PWL1613WT.jpg,$249.99
67,NO DESCRIPTION FOUND,https://www.cdn.lamps.com/media/catalog/product/cache/1/small_image/9df78eab33525d08d6e5fb8d27136e95/WAC/product/790576295640.main.jpg,210.0000
68,NO DESCRIPTION FOUND,https://www.cdn.lamps.com/media/catalog/product/cache/1/small_image/9df78eab33525d08d6e5fb8d27136e95/WAC/product/790576295510.main.jpg,279.0000
69,NO DESCRIPTION FOUND,https://www.cdn.lamps.com/media/catalog/product/cache/1/small_image/9df78eab33525d08d6e5fb8d27136e95/WAC/product/DS-CD06-WT.jpg,288.0000
70,Maxim Lighting - 40428WGOB - Carriage House Oriental Bronze 28 Inch 3 Light Incandescent Outdoor Hanging Lantern,https://www.cdn.lamps.com/media/catalog/product/cache/1/small_image/9df78eab33525d08d6e5fb8d27136e95/MAX/product/40428WGOB.jpg,$278.00
71,NO DESCRIPTION FOUND,https://www.cdn.lamps.com/media/catalog/product/cache/1/small_image/9df78eab33525d08d6e5fb8d27136e95/GO/product/8889-A61.jpg,229.9500
72,Feiss - OL1011ORB - Homestead Oil Rubbed Bronze 4 Light Outdoor Pendant,https://www.cdn.lamps.com/media/catalog/product/cache/1/small_image/9df78eab33525d08d6e5fb8d27136e95/FE/product/FS-OL1011ORB.jpg,$269.00
73,Kichler - 49572WZC - Ashland Bay Weathered Zinc 8.75 Inch 1 Light Outdoor Pendant,https://www.cdn.lamps.com/media/catalog/product/cache/1/small_image/9df78eab33525d08d6e5fb8d27136e95/KI/product/49572WZC.jpg,$290.00
74,Kichler - 49341AZ - Bowen Architectural Bronze 7.25 Inch 2 Light Outdoor Pendant,https://www.cdn.lamps.com/media/catalog/product/cache/1/small_image/9df78eab33525d08d6e5fb8d27136e95/KI/product/49341AZ.jpg,$390.00
75,Kichler - 9825CV - La Mesa Canyon View 11.5 Inch 2 Light Outdoor Flush Mount,https://www.cdn.lamps.com/media/catalog/product/cache/1/small_image/9df78eab33525d08d6e5fb8d27136e95/KI/product/9825CV.jpg,$160.00
76,NO DESCRIPTION FOUND,https://www.cdn.lamps.com/media/catalog/product/cache/1/small_image/9df78eab33525d08d6e5fb8d27136e95/FE/product/FS-F29305ORB.jpg,549.0000
77,Kichler - 9889PB - Grove Mill Polished Brass 11.5 Inch 3 Light Outdoor Pendant,https://www.cdn.lamps.com/media/catalog/product/cache/1/small_image/9df78eab33525d08d6e5fb8d27136e95/KI/product/9889PB.jpg,$660.00
78,Maxim Lighting - 3427WGOB - Carriage House Oriental Bronze 24.5 Inch 3 Light Incandescent Outdoor Hanging Lantern,https://www.cdn.lamps.com/media/catalog/product/cache/1/small_image/9df78eab33525d08d6e5fb8d27136e95/MAX/product/3427WGOB.jpg,$168.00
79,Savoy House - 5-603-13 - Newberry English Bronze 18.5 Inch Outdoor Pendant,https://www.cdn.lamps.com/media/catalog/product/cache/1/small_image/9df78eab33525d08d6e5fb8d27136e95/SH/product/5-603-13.jpg,$210.00
80,Savoy House - 5-771-13 - Chiminea English Bronze 28.75 Inch Outdoor Pendant,https://www.cdn.lamps.com/media/catalog/product/cache/1/small_image/9df78eab33525d08d6e5fb8d27136e95/SH/product/5-771-13.jpg,$438.00
81,Quoizel - HC1612IB - Hillcrest Imperial Bronze Outdoor Flush Mount,https://www.cdn.lamps.com/media/catalog/product/cache/1/small_image/9df78eab33525d08d6e5fb8d27136e95/QZL/product/HC1612IB.jpg,$199.99
82,Maxim Lighting - 30128CDCF - Scottsdale Country Forge 21 Inch Outdoor Hanging Lantern,https://www.cdn.lamps.com/media/catalog/product/cache/1/small_image/9df78eab33525d08d6e5fb8d27136e95/MAX/product/30128CDCF.jpg,$298.00
83,Kichler - 9838DCO - Morris Distressed Copper 11.75 Inch 2 Light Outdoor Flush Mount,https://www.cdn.lamps.com/media/catalog/product/cache/1/small_image/9df78eab33525d08d6e5fb8d27136e95/KI/product/9838DCO.jpg,$186.00
84,Savoy House - 07065-BLK - Exterior Collections Black 9 Inch Outdoor Flush Mount,https://www.cdn.lamps.com/media/catalog/product/cache/1/small_image/9df78eab33525d08d6e5fb8d27136e95/SH/product/07065-BLK.jpg,$56.00
85,The Great Outdoors - 72114-149 - Wilshire Park 16 Inch Portsmouth Bronze Outdoor Pendant,https://www.cdn.lamps.com/media/catalog/product/cache/1/small_image/9df78eab33525d08d6e5fb8d27136e95/GO/product/72114-149.jpg,$171.90
86,Kichler - 49387OZ - Manningham Olde Bronze 8.5 Inch 3 Light Outdoor Pendant,https://www.cdn.lamps.com/media/catalog/product/cache/1/small_image/9df78eab33525d08d6e5fb8d27136e95/KI/product/49387OZ.jpg,$338.00
87,The Great Outdoors - 8764-66-L - Merrimack 18.25 Inch Black Outdoor Pendant,https://www.cdn.lamps.com/media/catalog/product/cache/1/small_image/9df78eab33525d08d6e5fb8d27136e95/GO/product/8764-66-L.jpg,$244.95
88,Savoy House - KP-5-4901C-31 - Exterior Collections Textured Black 5.38 Inch Outdoor Flush Mount,https://www.cdn.lamps.com/media/catalog/product/cache/1/small_image/9df78eab33525d08d6e5fb8d27136e95/SH/product/KP-5-4901C-31.jpg,$30.00
89,Savoy House - 7-8090-1-13 - Bassett English Bronze 1 Light Outdoor Chandelier,https://www.cdn.lamps.com/media/catalog/product/cache/1/small_image/9df78eab33525d08d6e5fb8d27136e95/SH/product/7-8090-1-13.jpg,$258.00
90,ELK Lighting - 47074/3 - Forged Jefferson Charcoal 22 Inch 3 Light Outdoor pendant,https://www.cdn.lamps.com/media/catalog/product/cache/1/small_image/9df78eab33525d08d6e5fb8d27136e95/ELK/product/47074_3.jpg,$258.00
91,The Great Outdoors - 8284-A61 - Sage Ridge 19.88 Inch Vintage Rust Outdoor Pendant,https://www.cdn.lamps.com/media/catalog/product/cache/1/small_image/9df78eab33525d08d6e5fb8d27136e95/GO/product/8284-A61.jpg,$213.90
92,Maxim Lighting - 3809LACO - Balboa Copper Oxide 17.25 Inch Incandescent Outdoor Hanging Lantern,https://www.cdn.lamps.com/media/catalog/product/cache/1/small_image/9df78eab33525d08d6e5fb8d27136e95/MAX/product/3809LACO.jpg,$180.00
93,Feiss - OL1911BK - Castle Black 4 Light Outdoor Pendant,https://www.cdn.lamps.com/media/catalog/product/cache/1/small_image/9df78eab33525d08d6e5fb8d27136e95/FE/product/FS-OL1911BK.jpg,$625.00
94,Maxim Lighting - 40167GFCO - Balboa Copper Oxide 18.5 Inch Incandescent Outdoor Hanging Lantern,https://www.cdn.lamps.com/media/catalog/product/cache/1/small_image/9df78eab33525d08d6e5fb8d27136e95/MAX/product/40167GFCO.jpg,$244.00
95,Kichler - 49640OZ - Caterham Olde Bronze 6.5 Inch 1 Light Outdoor Pendant,https://www.cdn.lamps.com/media/catalog/product/cache/1/small_image/9df78eab33525d08d6e5fb8d27136e95/KI/product/49640OZ.jpg,$210.00
96,Feiss - F3097/1DWZ-LED - Arramore Dark Weathered Zinc 19 Inch Outdoor Pendant,https://www.cdn.lamps.com/media/catalog/product/cache/1/small_image/9df78eab33525d08d6e5fb8d27136e95/FE/product/FS-F30971DWZ-LED.jpg,$689.00
97,NO DESCRIPTION FOUND,https://www.cdn.lamps.com/media/catalog/product/cache/1/small_image/9df78eab33525d08d6e5fb8d27136e95/QZL/product/NY1179Z.jpg,179.9900
98,Maxim Lighting - 30129CDCF - Scottsdale Country Forge 24 Inch Outdoor Hanging Lantern,https://www.cdn.lamps.com/media/catalog/product/cache/1/small_image/9df78eab33525d08d6e5fb8d27136e95/MAX/product/30129CDCF.jpg,$374.00
99,Quoizel - BAN1911K - Bain Mystic Black Outdoor Hanging Lantern,https://www.cdn.lamps.com/media/catalog/product/cache/1/small_image/9df78eab33525d08d6e5fb8d27136e95/QZL/product/BAN1911K.jpg,$239.99
100,WAC Lighting - PD-W48616-BZ - Chamber Bronze Outdoor Pendant,https://www.cdn.lamps.com/media/catalog/product/cache/1/small_image/9df78eab33525d08d6e5fb8d27136e95/WAC/product/790576464657.main.jpg,$269.00
101,Quoizel - TML1908K - Trumbull Mystic Black 8.5 Inch Outdoor Hanging Lantern,https://www.cdn.lamps.com/media/catalog/product/cache/1/small_image/9df78eab33525d08d6e5fb8d27136e95/QZL/product/TML1908K.jpg,$219.99
102,Savoy House - 1-2100-6-70 - Eden Weathervane 6 Light Outdoor Chandelier,https://www.cdn.lamps.com/media/catalog/product/cache/1/small_image/9df78eab33525d08d6e5fb8d27136e95/SH/product/1-2100-6-70.jpg,$530.00
103,ELK Lighting - 45133/LED - Colby Matte Silver 14 Inch 1 Light Outdoor Flush Mount,https://www.cdn.lamps.com/media/catalog/product/cache/1/small_image/9df78eab33525d08d6e5fb8d27136e95/ELK/product/45133_led.jpg,$190.00
104,Maxim Lighting - 30088CDCF - Nantucket Country Forge Outdoor Hanging Lantern,https://www.cdn.lamps.com/media/catalog/product/cache/1/small_image/9df78eab33525d08d6e5fb8d27136e95/MAX/product/30088CDCF.jpg,$308.00
105,Savoy House - 5-423-56 - Felicity New Tortoise Shell 29.25 Inch Outdoor Pendant,https://www.cdn.lamps.com/media/catalog/product/cache/1/small_image/9df78eab33525d08d6e5fb8d27136e95/SH/product/5-423-56.jpg,$506.00
106,Savoy House - 5-145-BK - Ellijay Black 12 Inch Outdoor Hanging Lantern,https://www.cdn.lamps.com/media/catalog/product/cache/1/small_image/9df78eab33525d08d6e5fb8d27136e95/SH/product/5-145-BK.jpg,$338.00
107,Savoy House - 5-3551-25 - Barrister Slate 26.75 Inch Outdoor Pendant,https://www.cdn.lamps.com/media/catalog/product/cache/1/small_image/9df78eab33525d08d6e5fb8d27136e95/SH/product/5-3551-25.jpg,$470.00
108,ELK Lighting - 47066/3 - Forged Lancaster Charcoal 27 Inch 3 Light Outdoor pendant,https://www.cdn.lamps.com/media/catalog/product/cache/1/small_image/9df78eab33525d08d6e5fb8d27136e95/ELK/product/47066_3.jpg,$330.00
109,Savoy House - 5-423-56 - Felicity New Tortoise Shell 29.25 Inch Outdoor Pendant,https://www.cdn.lamps.com/media/catalog/product/cache/1/small_image/9df78eab33525d08d6e5fb8d27136e95/SH/product/5-423-56.jpg,$506.00
110,Savoy House - 5-145-BK - Ellijay Black 12 Inch Outdoor Hanging Lantern,https://www.cdn.lamps.com/media/catalog/product/cache/1/small_image/9df78eab33525d08d6e5fb8d27136e95/SH/product/5-145-BK.jpg,$338.00
111,Savoy House - 5-3551-25 - Barrister Slate 26.75 Inch Outdoor Pendant,https://www.cdn.lamps.com/media/catalog/product/cache/1/small_image/9df78eab33525d08d6e5fb8d27136e95/SH/product/5-3551-25.jpg,$470.00
112,NO DESCRIPTION FOUND,https://www.cdn.lamps.com/media/catalog/product/cache/1/small_image/9df78eab33525d08d6e5fb8d27136e95/FE/product/FS-OL3413BRAL.jpg,159.0000
113,ELK Lighting - 45053/1 - Wellington Park Weathered Charcoal 19 Inch 1 Light Outdoor Pendant,https://www.cdn.lamps.com/media/catalog/product/cache/1/small_image/9df78eab33525d08d6e5fb8d27136e95/ELK/product/45053_1.jpg,$170.00
114,Kichler - 49641OZ - Caterham Olde Bronze 14.75 Inch 3 Light Outdoor Flush Mount,https://www.cdn.lamps.com/media/catalog/product/cache/1/small_image/9df78eab33525d08d6e5fb8d27136e95/KI/product/49641OZ.jpg,$320.00
115,Quoizel - DE1490IB - Devon Imperial Bronze Outdoor Hanging Lantern,https://www.cdn.lamps.com/media/catalog/product/cache/1/small_image/9df78eab33525d08d6e5fb8d27136e95/QZL/product/DE1490IB.jpg,$399.99
116,Kichler - 9870RST - Rustic Rustic 11 Inch 1 Light Outdoor Pendant,https://www.cdn.lamps.com/media/catalog/product/cache/1/small_image/9df78eab33525d08d6e5fb8d27136e95/KI/product/9870RST.jpg,$394.00
117,ELK Lighting - 87043/1 - Lowell Matte Black 13 Inch 1 Light Outdoor Pendant,https://www.cdn.lamps.com/media/catalog/product/cache/1/small_image/9df78eab33525d08d6e5fb8d27136e95/ELK/product/87043_1.jpg,$150.00
118,ELK Lighting - 45147/1 - Bianca Hazelnut Bronze 14 Inch 1 Light Outdoor Pendant,https://www.cdn.lamps.com/media/catalog/product/cache/1/small_image/9df78eab33525d08d6e5fb8d27136e95/ELK/product/45147_1.jpg,$138.00
119,The Great Outdoors - 72414-51A-L - Wynterfield 19 Inch Burnt Rust Outdoor Pendant,https://www.cdn.lamps.com/media/catalog/product/cache/1/small_image/9df78eab33525d08d6e5fb8d27136e95/GO/product/72414-51A-L.jpg,$169.95
120,Kichler - 49343AZ - Bowen Architectural Bronze 11 Inch 2 Light Outdoor Flush Mount,https://www.cdn.lamps.com/media/catalog/product/cache/1/small_image/9df78eab33525d08d6e5fb8d27136e95/KI/product/49343AZ.jpg,$174.00
121,Maxim Lighting - 55059HOBU - Coldwater Burnished 5 Inch 2 Light LED Outdoor Flush Mount,https://www.cdn.lamps.com/media/catalog/product/cache/1/small_image/9df78eab33525d08d6e5fb8d27136e95/MAX/product/55059HOBU.jpg,$176.00
122,Feiss - F3098/2DWZ-LED - Arramore Dark Weathered Zinc 24 Inch Outdoor Pendant,https://www.cdn.lamps.com/media/catalog/product/cache/1/small_image/9df78eab33525d08d6e5fb8d27136e95/FE/product/FS-F30982DWZ-LED.jpg,"$1,399.00"
123,Savoy House - 5-2505-306 - Ponce de Leon Old Tuscan 35.25 Inch Outdoor Pendant,https://www.cdn.lamps.com/media/catalog/product/cache/1/small_image/9df78eab33525d08d6e5fb8d27136e95/SH/product/5-2505-306.jpg,$618.00
124,NO DESCRIPTION FOUND,https://www.cdn.lamps.com/media/catalog/product/cache/1/small_image/9df78eab33525d08d6e5fb8d27136e95/ELK/product/42183_1.jpg,286.0000
125,The Great Outdoors - 72425-212 - Edenshire 26 Inch English Brass Outdoor Pendant,https://www.cdn.lamps.com/media/catalog/product/cache/1/small_image/9df78eab33525d08d6e5fb8d27136e95/GO/product/72425-212.jpg,$509.93
126,NO DESCRIPTION FOUND,https://www.cdn.lamps.com/media/catalog/product/cache/1/small_image/9df78eab33525d08d6e5fb8d27136e95/FE/product/FS-SF314HGG.jpg,109.0000
127,NO DESCRIPTION FOUND,https://www.cdn.lamps.com/media/catalog/product/cache/1/small_image/9df78eab33525d08d6e5fb8d27136e95/SH/product/5-1303-40.jpg,170.0000
128,Hinkley Lighting - 1622KZ - Hadley Buckeye Bronze Outdoor Hanging Light,https://www.cdn.lamps.com/media/catalog/product/cache/1/small_image/9df78eab33525d08d6e5fb8d27136e95/HINK/product/1622KZ.jpg,$259.00
129,Kichler - 9830AGZ - Cross Creek Aged Bronze 9 Inch 2 Light Outdoor Flush Mount,https://www.cdn.lamps.com/media/catalog/product/cache/1/small_image/9df78eab33525d08d6e5fb8d27136e95/KI/product/9830AGZ.jpg,$144.00
130,Maxim Lighting - 40427WGOB - Carriage House Oriental Bronze 24.5 Inch 3 Light Incandescent Outdoor Hanging Lantern,https://www.cdn.lamps.com/media/catalog/product/cache/1/small_image/9df78eab33525d08d6e5fb8d27136e95/MAX/product/40427WGOB.jpg,$224.00
131,ELK Lighting - 7932-WP - Grande Isle Aged Copper 25 Inch Light Outdoor Ceiling Lantern,https://www.cdn.lamps.com/media/catalog/product/cache/1/small_image/9df78eab33525d08d6e5fb8d27136e95/ELK/product/7932-wp.jpg,"$1,330.00"
132,Kichler - 9832OZ - Sausalito Olde Bronze 11.5 Inch 3 Light Outdoor Pendant,https://www.cdn.lamps.com/media/catalog/product/cache/1/small_image/9df78eab33525d08d6e5fb8d27136e95/KI/product/9832OZ.jpg,$310.00
133,The Great Outdoors - 8614-A61 - Taylor Court 18.5 Inch Vintage Rust Outdoor Pendant,https://www.cdn.lamps.com/media/catalog/product/cache/1/small_image/9df78eab33525d08d6e5fb8d27136e95/GO/product/8614-A61.jpg,$199.95
134,NO DESCRIPTION FOUND,https://www.cdn.lamps.com/media/catalog/product/cache/1/small_image/9df78eab33525d08d6e5fb8d27136e95/KI/product/9539RZ.jpg,336.0000
135,NO DESCRIPTION FOUND,https://www.cdn.lamps.com/media/catalog/product/cache/1/small_image/9df78eab33525d08d6e5fb8d27136e95/WAC/product/790576389585.main.jpg,279.0000
136,Savoy House - 5-1222-40 - Palmer Walnut Patina 3 Light Outdoor Hanging Lantern,https://www.cdn.lamps.com/media/catalog/product/cache/1/small_image/9df78eab33525d08d6e5fb8d27136e95/SH/product/5-1222-40.jpg,$310.00
137,Savoy House - 1-1121-5-BK - Welch Black 5 Light Outdoor Chandelier,https://www.cdn.lamps.com/media/catalog/product/cache/1/small_image/9df78eab33525d08d6e5fb8d27136e95/SH/product/1-1121-5-BK.jpg,$638.00
138,NO DESCRIPTION FOUND,https://www.cdn.lamps.com/media/catalog/product/cache/1/small_image/9df78eab33525d08d6e5fb8d27136e95/ELK/product/45041_1.jpg,100.0000
139,Savoy House - 1-1130-8-13 - Inman English Bronze 8 Light Outdoor Chandelier,https://www.cdn.lamps.com/media/catalog/product/cache/1/small_image/9df78eab33525d08d6e5fb8d27136e95/SH/product/1-1130-8-13.jpg,$510.00
140,NO DESCRIPTION FOUND,https://www.cdn.lamps.com/media/catalog/product/cache/1/small_image/9df78eab33525d08d6e5fb8d27136e95/MAX/product/86104AL.jpg,198.0000
141,The Great Outdoors - 72434-261 - Eastbury 18.75 Inch Colonial Brass Outdoor Pendant,https://www.cdn.lamps.com/media/catalog/product/cache/1/small_image/9df78eab33525d08d6e5fb8d27136e95/GO/product/72434-261_RightAngle.jpg,$284.93
142,ELK Lighting - 7924-WP - Grande Isle Aged Copper 30 Inch Light Outdoor Ceiling Lantern,https://www.cdn.lamps.com/media/catalog/product/cache/1/small_image/9df78eab33525d08d6e5fb8d27136e95/ELK/product/7924-wp.jpg,"$1,730.00"
143,Quoizel - FQ1931MK01 - Fort Quinn Marcado Black Outdoor Hanging Lantern,https://www.cdn.lamps.com/media/catalog/product/cache/1/small_image/9df78eab33525d08d6e5fb8d27136e95/QZL/product/FQ1931MK01.jpg,"$1,099.99"
144,Feiss - OL6012WAL - Baton Rouge Walnut 4 Light Outdoor Pendant,https://www.cdn.lamps.com/media/catalog/product/cache/1/small_image/9df78eab33525d08d6e5fb8d27136e95/FE/product/FS-OL6012WAL.jpg,$729.00
145,Feiss - P1419DWZ-LED - Arramore Dark Weathered Zinc 5.5 Inch Outdoor Mini-Pendant,https://www.cdn.lamps.com/media/catalog/product/cache/1/small_image/9df78eab33525d08d6e5fb8d27136e95/FE/product/FS-P1419DWZ-LED.jpg,$307.00
146,NO DESCRIPTION FOUND,https://www.cdn.lamps.com/media/catalog/product/cache/1/small_image/9df78eab33525d08d6e5fb8d27136e95/KI/product/49517ACO.jpg,498.0000
147,NO DESCRIPTION FOUND,https://www.cdn.lamps.com/media/catalog/product/cache/1/small_image/9df78eab33525d08d6e5fb8d27136e95/KI/product/9850TZ.jpg,55.0000
148,Savoy House - 1-2101-5-70 - Eden Weathervane 5 Light Outdoor Chandelier,https://www.cdn.lamps.com/media/catalog/product/cache/1/small_image/9df78eab33525d08d6e5fb8d27136e95/SH/product/1-2101-5-70.jpg,$530.00
149,The Great Outdoors - 71824-143-L - Hanford Pointe 18.75 Inch Oil Rubbed Bronze Outdoor Pendant,https://www.cdn.lamps.com/media/catalog/product/cache/1/small_image/9df78eab33525d08d6e5fb8d27136e95/GO/product/71824-143-L_300res.jpg,$169.95
150,Savoy House - 1-1131-12-13 - Inman English Bronze 12 Light Outdoor Chandelier,https://www.cdn.lamps.com/media/catalog/product/cache/1/small_image/9df78eab33525d08d6e5fb8d27136e95/SH/product/1-1131-12-13.jpg,$710.00
151,NO DESCRIPTION FOUND,https://www.cdn.lamps.com/media/catalog/product/cache/1/small_image/9df78eab33525d08d6e5fb8d27136e95/WAC/product/790576376691.main.jpg,249.0000
152,Savoy House - 5-3414-56 - Smith Mountain New Tortoise Shell 15 Inch Outdoor Pendant,https://www.cdn.lamps.com/media/catalog/product/cache/1/small_image/9df78eab33525d08d6e5fb8d27136e95/SH/product/5-3414-56.jpg,$278.00
153,NO DESCRIPTION FOUND,https://www.cdn.lamps.com/media/catalog/product/cache/1/small_image/9df78eab33525d08d6e5fb8d27136e95/FE/product/FS-OL7613HTBZ.jpg,185.0000
154,NO DESCRIPTION FOUND,https://www.cdn.lamps.com/media/catalog/product/cache/1/small_image/9df78eab33525d08d6e5fb8d27136e95/SH/product/5-0635-72.jpg,102.0000
155,Maxim Lighting - 40128CDOB - Newbury Oriental Bronze 3 Light Outdoor Hanging Lantern,https://www.cdn.lamps.com/media/catalog/product/cache/1/small_image/9df78eab33525d08d6e5fb8d27136e95/MAX/product/40128CDOB.jpg,$258.00
156,Maxim Lighting - 40129CDOB - Newbury Oriental Bronze 2 Light Outdoor Flush Mount,https://www.cdn.lamps.com/media/catalog/product/cache/1/small_image/9df78eab33525d08d6e5fb8d27136e95/MAX/product/40129CDOB.jpg,$170.00
157,Maxim Lighting - 55788WGBO - Oakville Black Oxide Outdoor Hanging Lantern,https://www.cdn.lamps.com/media/catalog/product/cache/1/small_image/9df78eab33525d08d6e5fb8d27136e95/MAX/product/55788WGBO.jpg,$204.00
158,NO DESCRIPTION FOUND,https://www.cdn.lamps.com/media/catalog/product/cache/1/small_image/9df78eab33525d08d6e5fb8d27136e95/QZL/product/RJ1911K.jpg,159.9900
159,Eurofase - 25604-016 - Retto Bronze 2 Light Outdoor Flush Mount,https://www.cdn.lamps.com/media/catalog/product/cache/1/small_image/9df78eab33525d08d6e5fb8d27136e95/EUR/product/25604-016.jpg,$250.00
160,NO DESCRIPTION FOUND,https://www.cdn.lamps.com/media/catalog/product/cache/1/small_image/9df78eab33525d08d6e5fb8d27136e95/FE/product/FS-OL2209BB.jpg,289.0000
161,The Great Outdoors - 8134-173-L - Crest Ridge 8.75 Inch Forged Silver Outdoor Pendant,https://www.cdn.lamps.com/media/catalog/product/cache/1/small_image/9df78eab33525d08d6e5fb8d27136e95/GO/product/8134-173-L_300res.jpg,$188.90
162,Kichler - 9885OZ - Embassy Row Olde Bronze 10.5 Inch 3 Light Outdoor Pendant,https://www.cdn.lamps.com/media/catalog/product/cache/1/small_image/9df78eab33525d08d6e5fb8d27136e95/KI/product/9885OZ.jpg,$199.80
163,NO DESCRIPTION FOUND,https://www.cdn.lamps.com/media/catalog/product/cache/1/small_image/9df78eab33525d08d6e5fb8d27136e95/HF/product/365615_57_ZS283_silho-copy.jpg,1100.0000
164,Maxim Lighting - 40039CDSE - Santa Barbara Sienna 19.5 Inch 3 Light Incandescent Outdoor Hanging Lantern,https://www.cdn.lamps.com/media/catalog/product/cache/1/small_image/9df78eab33525d08d6e5fb8d27136e95/MAX/product/40039CDSE.jpg,$304.00
165,NO DESCRIPTION FOUND,https://www.cdn.lamps.com/media/catalog/product/cache/1/small_image/9df78eab33525d08d6e5fb8d27136e95/HINK/product/2633OB.jpg,379.0000
166,NO DESCRIPTION FOUND,https://www.cdn.lamps.com/media/catalog/product/cache/1/small_image/9df78eab33525d08d6e5fb8d27136e95/SH/product/5-0631-72.jpg,110.0000
167,NO DESCRIPTION FOUND,https://www.cdn.lamps.com/media/catalog/product/cache/1/small_image/9df78eab33525d08d6e5fb8d27136e95/HF/product/364903_08.jpg,561.0000
168,Savoy House - 07045-BLK - Exterior Collections Black 10 Inch Outdoor Flush Mount,https://www.cdn.lamps.com/media/catalog/product/cache/1/small_image/9df78eab33525d08d6e5fb8d27136e95/SH/product/07045-BLK.jpg,$46.00
169,Maxim Lighting - 3428WGOB - Carriage House Oriental Bronze 28 Inch 3 Light Incandescent Outdoor Hanging Lantern,https://www.cdn.lamps.com/media/catalog/product/cache/1/small_image/9df78eab33525d08d6e5fb8d27136e95/MAX/product/3428WGOB.jpg,$220.00
170,NO DESCRIPTION FOUND,https://www.cdn.lamps.com/media/catalog/product/cache/1/small_image/9df78eab33525d08d6e5fb8d27136e95/SH/product/5-6210-13.jpg,190.0000
171,The Great Outdoors - 8164-615B-L - Hillsdale 13.25 Inch Dorian Bronze Outdoor Pendant,https://www.cdn.lamps.com/media/catalog/product/cache/1/small_image/9df78eab33525d08d6e5fb8d27136e95/GO/product/8164-615B-L_300res.jpg,$204.95
172,NO DESCRIPTION FOUND,https://www.cdn.lamps.com/media/catalog/product/cache/1/small_image/9df78eab33525d08d6e5fb8d27136e95/FE/product/FS-OL8513SBR.jpg,115.0000
173,Quoizel - PLA1910PN - Plaza Palladian Bronze Outdoor Hanging Lantern,https://www.cdn.lamps.com/media/catalog/product/cache/1/small_image/9df78eab33525d08d6e5fb8d27136e95/QZL/product/PLA1910PN.jpg,$179.99
174,NO DESCRIPTION FOUND,https://www.cdn.lamps.com/media/catalog/product/cache/1/small_image/9df78eab33525d08d6e5fb8d27136e95/FE/product/FS-OL5413GBZ.jpg,139.0000
175,Savoy House - 1-1120-8-BK - Welch Black 8 Light Outdoor Chandelier,https://www.cdn.lamps.com/media/catalog/product/cache/1/small_image/9df78eab33525d08d6e5fb8d27136e95/SH/product/1-1120-8-BK.jpg,$798.00
176,Maxim Lighting - 55029CDBZ - Dover Bronze 16.5 Inch 1 Light LED Outdoor Hanging Lantern,https://www.cdn.lamps.com/media/catalog/product/cache/1/small_image/9df78eab33525d08d6e5fb8d27136e95/MAX/product/55029CDBZ.jpg,$218.00
177,Savoy House - 7-7091-6-49 - Aiken Winterwood 6 Light Outdoor Chandelier,https://www.cdn.lamps.com/media/catalog/product/cache/1/small_image/9df78eab33525d08d6e5fb8d27136e95/SH/product/7-7091-6-49.jpg,$770.00
178,NO DESCRIPTION FOUND,https://www.cdn.lamps.com/media/catalog/product/cache/1/small_image/9df78eab33525d08d6e5fb8d27136e95/WAC/product/790576389622.main.jpg,559.0000
179,The Great Outdoors - 71190-A357-PL - Delancy 11 Inch Iron Oxide Outdoor Pendant,https://www.cdn.lamps.com/media/catalog/product/cache/1/small_image/9df78eab33525d08d6e5fb8d27136e95/GO/product/71190-A357-PL.jpg,$129.90
180,NO DESCRIPTION FOUND,https://www.cdn.lamps.com/media/catalog/product/cache/1/small_image/9df78eab33525d08d6e5fb8d27136e95/FE/product/FS-OL4011ORB.jpg,129.0000
181,Maxim Lighting - 55038MOSE - Santa Barbara Sienna 1 Light LED Outdoor Hanging Lantern,https://www.cdn.lamps.com/media/catalog/product/cache/1/small_image/9df78eab33525d08d6e5fb8d27136e95/MAX/product/55038MOSE.jpg,$158.00
182,Savoy House - 7-8091-3-13 - Bassett English Bronze 3 Light Outdoor Chandelier,https://www.cdn.lamps.com/media/catalog/product/cache/1/small_image/9df78eab33525d08d6e5fb8d27136e95/SH/product/7-8091-3-13.jpg,$458.00
183,Savoy House - 5-2066-72 - Exterior Collections Rustic Bronze 9 Inch Outdoor Flush Mount,https://www.cdn.lamps.com/media/catalog/product/cache/1/small_image/9df78eab33525d08d6e5fb8d27136e95/SH/product/5-2066-72.jpg,$56.00
184,The Great Outdoors - 72029-A179-PL - Andrita Court 4.75 Inch Textured French Bronze Outdoor Flush Mount,https://www.cdn.lamps.com/media/catalog/product/cache/1/small_image/9df78eab33525d08d6e5fb8d27136e95/GO/product/72029-A179-PL.jpg,$159.90
185,NO DESCRIPTION FOUND,https://www.cdn.lamps.com/media/catalog/product/cache/1/small_image/9df78eab33525d08d6e5fb8d27136e95/HINK/product/1282VZ.jpg,369.0000
186,NO DESCRIPTION FOUND,https://www.cdn.lamps.com/media/catalog/product/cache/1/small_image/9df78eab33525d08d6e5fb8d27136e95/WAC/product/790576354880.main.jpg,279.0000
187,NO DESCRIPTION FOUND,https://www.cdn.lamps.com/media/catalog/product/cache/1/small_image/9df78eab33525d08d6e5fb8d27136e95/KI/product/49505OZ.jpg,680.0000
188,NO DESCRIPTION FOUND,https://www.cdn.lamps.com/media/catalog/product/cache/1/small_image/9df78eab33525d08d6e5fb8d27136e95/GO/product/71174-91.jpg,55.9500
189,Quoizel - DST1909PN - DeSoto Palladian Bronze Outdoor Hanging Lantern,https://www.cdn.lamps.com/media/catalog/product/cache/1/small_image/9df78eab33525d08d6e5fb8d27136e95/QZL/product/DST1909PN.jpg,$219.99
190,NO DESCRIPTION FOUND,https://www.cdn.lamps.com/media/catalog/product/cache/1/small_image/9df78eab33525d08d6e5fb8d27136e95/WAC/product/790576295459.main.jpg,210.0000
191,The Great Outdoors - 8264-66-L - Mossoro 19 Inch Black Outdoor Pendant,https://www.cdn.lamps.com/media/catalog/product/cache/1/small_image/9df78eab33525d08d6e5fb8d27136e95/GO/product/8264-66-L.jpg,$194.95
192,ELK Lighting - 45083/1 - Orlean Hazelnut Bronze 15 Inch 1 Light Outdoor pendant,https://www.cdn.lamps.com/media/catalog/product/cache/1/small_image/9df78eab33525d08d6e5fb8d27136e95/ELK/product/45083_1.jpg,$198.00
193,NO DESCRIPTION FOUND,https://www.cdn.lamps.com/media/catalog/product/cache/1/small_image/9df78eab33525d08d6e5fb8d27136e95/KI/product/9817AP.jpg,206.0000
194,NO DESCRIPTION FOUND,https://www.cdn.lamps.com/media/catalog/product/cache/1/small_image/9df78eab33525d08d6e5fb8d27136e95/HINK/product/2203DZ.jpg,165.0000
195,NO DESCRIPTION FOUND,https://www.cdn.lamps.com/media/catalog/product/cache/1/small_image/9df78eab33525d08d6e5fb8d27136e95/QZL/product/GVR1910KFL.jpg,279.9900
196,NO DESCRIPTION FOUND,https://www.cdn.lamps.com/media/catalog/product/cache/1/small_image/9df78eab33525d08d6e5fb8d27136e95/KI/product/9810TZ.jpg,206.0000
197,NO DESCRIPTION FOUND,https://www.cdn.lamps.com/media/catalog/product/cache/1/small_image/9df78eab33525d08d6e5fb8d27136e95/GO/product/8884-A39.jpg,654.9500
198,Savoy House - 5-243-213 - Taylor English Bronze with Gold 1 Light Outdoor Hanging Lantern,https://www.cdn.lamps.com/media/catalog/product/cache/1/small_image/9df78eab33525d08d6e5fb8d27136e95/SH/product/5-243-213.jpg,$138.00
199,NO DESCRIPTION FOUND,https://www.cdn.lamps.com/media/catalog/product/cache/1/small_image/9df78eab33525d08d6e5fb8d27136e95/FE/product/FS-OL10611HTCP.jpg,189.0000
200,NO DESCRIPTION FOUND,https://www.cdn.lamps.com/media/catalog/product/cache/1/small_image/9df78eab33525d08d6e5fb8d27136e95/HINK/product/2082SB-LED.jpg,319.0000
201,Quoizel - LLE1911WT - LaSalle Western Bronze Outdoor Hanging Lantern,https://www.cdn.lamps.com/media/catalog/product/cache/1/small_image/9df78eab33525d08d6e5fb8d27136e95/QZL/product/LLE1911WT.jpg,$269.99
202,NO DESCRIPTION FOUND,https://www.cdn.lamps.com/media/catalog/product/cache/1/small_image/9df78eab33525d08d6e5fb8d27136e95/KI/product/49446BA.jpg,102.0000
203,Quoizel - GLV1908MB - Galveston Mottled Black Outdoor Hanging Lantern,https://www.cdn.lamps.com/media/catalog/product/cache/1/small_image/9df78eab33525d08d6e5fb8d27136e95/QZL/product/GLV1908MB.jpg,$259.99
204,NO DESCRIPTION FOUND,https://www.cdn.lamps.com/media/catalog/product/cache/1/small_image/9df78eab33525d08d6e5fb8d27136e95/KI/product/9859TZ.jpg,44.0000
205,NO DESCRIPTION FOUND,https://www.cdn.lamps.com/media/catalog/product/cache/1/small_image/9df78eab33525d08d6e5fb8d27136e95/CON/product/muse_outdoor_so.jpg,1580.0000
206,Savoy House - 5-342-213 - Brennan English Bronze with Gold Outdoor Hanging Lantern,https://www.cdn.lamps.com/media/catalog/product/cache/1/small_image/9df78eab33525d08d6e5fb8d27136e95/SH/product/5-342-213.jpg,$138.00
207,NO DESCRIPTION FOUND,https://www.cdn.lamps.com/media/catalog/product/cache/1/small_image/9df78eab33525d08d6e5fb8d27136e95/FE/product/FS-OL5411GBZ.jpg,219.0000
208,NO DESCRIPTION FOUND,https://www.cdn.lamps.com/media/catalog/product/cache/1/small_image/9df78eab33525d08d6e5fb8d27136e95/QZL/product/MRE1909WT.jpg,299.9900
209,NO DESCRIPTION FOUND,https://www.cdn.lamps.com/media/catalog/product/cache/1/small_image/9df78eab33525d08d6e5fb8d27136e95/KI/product/9835BK.jpg,57.6000
210,NO DESCRIPTION FOUND,https://www.cdn.lamps.com/media/catalog/product/cache/1/small_image/9df78eab33525d08d6e5fb8d27136e95/HF/product/363010-75-NO_1.jpg,1276.0000
211,Maxim Lighting - 85509LACO - Balboa Copper Oxide 17.25 Inch Fluorescent Outdoor Hanging Lantern,https://www.cdn.lamps.com/media/catalog/product/cache/1/small_image/9df78eab33525d08d6e5fb8d27136e95/MAX/product/85509LACO.jpg,$190.00
212,Quoizel - WKF1911EK - Wakefield Earth Black Outdoor Hanging Lantern,https://www.cdn.lamps.com/media/catalog/product/cache/1/small_image/9df78eab33525d08d6e5fb8d27136e95/QZL/product/WKF1911EK.jpg,$289.99
213,NO DESCRIPTION FOUND,https://www.cdn.lamps.com/media/catalog/product/cache/1/small_image/9df78eab33525d08d6e5fb8d27136e95/HINK/product/2202DZ.jpg,299.0000
214,NO DESCRIPTION FOUND,https://www.cdn.lamps.com/media/catalog/product/cache/1/small_image/9df78eab33525d08d6e5fb8d27136e95/KI/product/49164SS.jpg,318.0000
215,NO DESCRIPTION FOUND,https://www.cdn.lamps.com/media/catalog/product/cache/1/small_image/9df78eab33525d08d6e5fb8d27136e95/FE/product/FS-OL11313BKLED.jpg,149.0000
216,NO DESCRIPTION FOUND,https://www.cdn.lamps.com/media/catalog/product/cache/1/small_image/9df78eab33525d08d6e5fb8d27136e95/FE/product/FS-OL10611HTCP.jpg,189.0000
217,NO DESCRIPTION FOUND,https://www.cdn.lamps.com/media/catalog/product/cache/1/small_image/9df78eab33525d08d6e5fb8d27136e95/HINK/product/2082SB-LED.jpg,319.0000
218,Quoizel - LLE1911WT - LaSalle Western Bronze Outdoor Hanging Lantern,https://www.cdn.lamps.com/media/catalog/product/cache/1/small_image/9df78eab33525d08d6e5fb8d27136e95/QZL/product/LLE1911WT.jpg,$269.99
219,NO DESCRIPTION FOUND,https://www.cdn.lamps.com/media/catalog/product/cache/1/small_image/9df78eab33525d08d6e5fb8d27136e95/KI/product/49446BA.jpg,102.0000
220,Quoizel - GLV1908MB - Galveston Mottled Black Outdoor Hanging Lantern,https://www.cdn.lamps.com/media/catalog/product/cache/1/small_image/9df78eab33525d08d6e5fb8d27136e95/QZL/product/GLV1908MB.jpg,$259.99
221,NO DESCRIPTION FOUND,https://www.cdn.lamps.com/media/catalog/product/cache/1/small_image/9df78eab33525d08d6e5fb8d27136e95/KI/product/9859TZ.jpg,44.0000
222,NO DESCRIPTION FOUND,https://www.cdn.lamps.com/media/catalog/product/cache/1/small_image/9df78eab33525d08d6e5fb8d27136e95/CON/product/muse_outdoor_so.jpg,1580.0000
223,Savoy House - 5-342-213 - Brennan English Bronze with Gold Outdoor Hanging Lantern,https://www.cdn.lamps.com/media/catalog/product/cache/1/small_image/9df78eab33525d08d6e5fb8d27136e95/SH/product/5-342-213.jpg,$138.00
224,NO DESCRIPTION FOUND,https://www.cdn.lamps.com/media/catalog/product/cache/1/small_image/9df78eab33525d08d6e5fb8d27136e95/FE/product/FS-OL5411GBZ.jpg,219.0000
225,ELK Lighting - 45074/1 - Logansport Hazelnut Bronze 20 Inch 1 Light Outdoor pendant,https://www.cdn.lamps.com/media/catalog/product/cache/1/small_image/9df78eab33525d08d6e5fb8d27136e95/ELK/product/45074_1.jpg,$178.00
226,NO DESCRIPTION FOUND,https://www.cdn.lamps.com/media/catalog/product/cache/1/small_image/9df78eab33525d08d6e5fb8d27136e95/QZL/product/MRE1909WT.jpg,299.9900
227,NO DESCRIPTION FOUND,https://www.cdn.lamps.com/media/catalog/product/cache/1/small_image/9df78eab33525d08d6e5fb8d27136e95/KI/product/9835BK.jpg,57.6000
228,NO DESCRIPTION FOUND,https://www.cdn.lamps.com/media/catalog/product/cache/1/small_image/9df78eab33525d08d6e5fb8d27136e95/HF/product/363010-75-NO_1.jpg,1276.0000
229,Maxim Lighting - 85509LACO - Balboa Copper Oxide 17.25 Inch Fluorescent Outdoor Hanging Lantern,https://www.cdn.lamps.com/media/catalog/product/cache/1/small_image/9df78eab33525d08d6e5fb8d27136e95/MAX/product/85509LACO.jpg,$190.00
230,Quoizel - WKF1911EK - Wakefield Earth Black Outdoor Hanging Lantern,https://www.cdn.lamps.com/media/catalog/product/cache/1/small_image/9df78eab33525d08d6e5fb8d27136e95/QZL/product/WKF1911EK.jpg,$289.99
231,NO DESCRIPTION FOUND,https://www.cdn.lamps.com/media/catalog/product/cache/1/small_image/9df78eab33525d08d6e5fb8d27136e95/HINK/product/2202DZ.jpg,299.0000
232,NO DESCRIPTION FOUND,https://www.cdn.lamps.com/media/catalog/product/cache/1/small_image/9df78eab33525d08d6e5fb8d27136e95/KI/product/49164SS.jpg,318.0000
233,NO DESCRIPTION FOUND,https://www.cdn.lamps.com/media/catalog/product/cache/1/small_image/9df78eab33525d08d6e5fb8d27136e95/FE/product/FS-OL11313BKLED.jpg,149.0000
234,NO DESCRIPTION FOUND,https://www.cdn.lamps.com/media/catalog/product/cache/1/small_image/9df78eab33525d08d6e5fb8d27136e95/KI/product/9804OZ.jpg,638.0000
235,The Great Outdoors - 71194-A357-PL - Delancy 19.5 Inch Iron Oxide Outdoor Pendant,https://www.cdn.lamps.com/media/catalog/product/cache/1/small_image/9df78eab33525d08d6e5fb8d27136e95/GO/product/71194-A357-PL.jpg,$233.90
236,NO DESCRIPTION FOUND,https://www.cdn.lamps.com/media/catalog/product/cache/1/small_image/9df78eab33525d08d6e5fb8d27136e95/QZL/product/HC1909IB.jpg,259.9900
237,Savoy House - 5-146-BK - Ellijay Black 9 Inch Outdoor Hanging Lantern,https://www.cdn.lamps.com/media/catalog/product/cache/1/small_image/9df78eab33525d08d6e5fb8d27136e95/SH/product/5-146-BK.jpg,$238.00
238,NO DESCRIPTION FOUND,https://www.cdn.lamps.com/media/catalog/product/cache/1/small_image/9df78eab33525d08d6e5fb8d27136e95/KI/product/49206BK.jpg,174.0000
239,Savoy House - 5-263-213 - Shelton English Bronze with Gold 2 Light Outdoor Hanging Lantern,https://www.cdn.lamps.com/media/catalog/product/cache/1/small_image/9df78eab33525d08d6e5fb8d27136e95/SH/product/5-263-213.jpg,$238.00
240,NO DESCRIPTION FOUND,https://www.cdn.lamps.com/media/catalog/product/cache/1/small_image/9df78eab33525d08d6e5fb8d27136e95/QZL/product/SDN1908IB.jpg,259.9900
241,NO DESCRIPTION FOUND,https://www.cdn.lamps.com/media/catalog/product/cache/1/small_image/9df78eab33525d08d6e5fb8d27136e95/ELK/product/47011_1.jpg,110.0000
242,NO DESCRIPTION FOUND,https://www.cdn.lamps.com/media/catalog/product/cache/1/small_image/9df78eab33525d08d6e5fb8d27136e95/FE/product/FS-OL10111HTBZ.jpg,169.0000
243,Savoy House - 5-1232-BK - Dorado Black Outdoor Hanging Lantern,https://www.cdn.lamps.com/media/catalog/product/cache/1/small_image/9df78eab33525d08d6e5fb8d27136e95/SH/product/5-1232-BK.jpg,$170.00
244,NO DESCRIPTION FOUND,https://www.cdn.lamps.com/media/catalog/product/cache/1/small_image/9df78eab33525d08d6e5fb8d27136e95/MAX/product/1029WT.jpg,42.0000
245,NO DESCRIPTION FOUND,https://www.cdn.lamps.com/media/catalog/product/cache/1/small_image/9df78eab33525d08d6e5fb8d27136e95/FE/product/FS-OL7611ES.jpg,315.0000
246,NO DESCRIPTION FOUND,https://www.cdn.lamps.com/media/catalog/product/cache/1/small_image/9df78eab33525d08d6e5fb8d27136e95/QZL/product/MBH1911PN.jpg,229.9900
247,NO DESCRIPTION FOUND,https://www.cdn.lamps.com/media/catalog/product/cache/1/small_image/9df78eab33525d08d6e5fb8d27136e95/QZL/product/SFD1911IB.jpg,159.9900
248,Quoizel - WVR1907EK - Westover Earth Black Outdoor Hanging Lantern,https://www.cdn.lamps.com/media/catalog/product/cache/1/small_image/9df78eab33525d08d6e5fb8d27136e95/QZL/product/WVR1907EK.jpg,$99.99
249,NO DESCRIPTION FOUND,https://www.cdn.lamps.com/media/catalog/product/cache/1/small_image/9df78eab33525d08d6e5fb8d27136e95/HF/product/363003_55_sil-copy.jpg,913.0000
250,NO DESCRIPTION FOUND,https://www.cdn.lamps.com/media/catalog/product/cache/1/small_image/9df78eab33525d08d6e5fb8d27136e95/QZL/product/SNN1909PN.jpg,179.9900
251,NO DESCRIPTION FOUND,https://www.cdn.lamps.com/media/catalog/product/cache/1/small_image/9df78eab33525d08d6e5fb8d27136e95/MAX/product/41429WGBK.jpg,320.0000
252,NO DESCRIPTION FOUND,https://www.cdn.lamps.com/media/catalog/product/cache/1/small_image/9df78eab33525d08d6e5fb8d27136e95/ELK/product/388-bk.jpg,178.0000
253,NO DESCRIPTION FOUND,https://www.cdn.lamps.com/media/catalog/product/cache/1/small_image/9df78eab33525d08d6e5fb8d27136e95/FE/product/FS-OL10613HTCP.jpg,219.0000
254,NO DESCRIPTION FOUND,https://www.cdn.lamps.com/media/catalog/product/cache/1/small_image/9df78eab33525d08d6e5fb8d27136e95/FE/product/FS-OL11311BK.jpg,229.0000
255,NO DESCRIPTION FOUND,https://www.cdn.lamps.com/media/catalog/product/cache/1/small_image/9df78eab33525d08d6e5fb8d27136e95/HF/product/365610_58_ZT297_silho-copy.jpg,858.0000
256,NO DESCRIPTION FOUND,https://www.cdn.lamps.com/media/catalog/product/cache/1/small_image/9df78eab33525d08d6e5fb8d27136e95/QZL/product/NY1178A.jpg,139.9900
257,NO DESCRIPTION FOUND,https://www.cdn.lamps.com/media/catalog/product/cache/1/small_image/9df78eab33525d08d6e5fb8d27136e95/SH/product/7-1141-1-SN.jpg,330.0000
258,NO DESCRIPTION FOUND,https://www.cdn.lamps.com/media/catalog/product/cache/1/small_image/9df78eab33525d08d6e5fb8d27136e95/HINK/product/1663TT.jpg,189.0000
259,NO DESCRIPTION FOUND,https://www.cdn.lamps.com/media/catalog/product/cache/1/small_image/9df78eab33525d08d6e5fb8d27136e95/HF/product/356005_07_H93.jpg,627.0000
260,NO DESCRIPTION FOUND,https://www.cdn.lamps.com/media/catalog/product/cache/1/small_image/9df78eab33525d08d6e5fb8d27136e95/SH/product/5-369-10-BK.jpg,90.0000
261,The Great Outdoors - 71199-A357-PL - Delancy 7.25 Inch Iron Oxide Outdoor Flush Mount,https://www.cdn.lamps.com/media/catalog/product/cache/1/small_image/9df78eab33525d08d6e5fb8d27136e95/GO/product/71199-A357-PL.jpg,$165.90
262,Savoy House - 1-1111-4-13 - Weston English Bronze 4 Light Outdoor Chandelier,https://www.cdn.lamps.com/media/catalog/product/cache/1/small_image/9df78eab33525d08d6e5fb8d27136e95/SH/product/1-1111-4-13.jpg,$518.00
263,NO DESCRIPTION FOUND,https://www.cdn.lamps.com/media/catalog/product/cache/1/small_image/9df78eab33525d08d6e5fb8d27136e95/QZL/product/OAS1909Z_4_.jpg,239.9900
264,NO DESCRIPTION FOUND,https://www.cdn.lamps.com/media/catalog/product/cache/1/small_image/9df78eab33525d08d6e5fb8d27136e95/QZL/product/BRN1910IB.jpg,289.9900
265,NO DESCRIPTION FOUND,https://www.cdn.lamps.com/media/catalog/product/cache/1/small_image/9df78eab33525d08d6e5fb8d27136e95/FE/product/FS-OL11113DWZ.jpg,209.0000
266,NO DESCRIPTION FOUND,https://www.cdn.lamps.com/media/catalog/product/cache/1/small_image/9df78eab33525d08d6e5fb8d27136e95/KI/product/9568LD.jpg,3250.0000
267,NO DESCRIPTION FOUND,https://www.cdn.lamps.com/media/catalog/product/cache/1/small_image/9df78eab33525d08d6e5fb8d27136e95/KI/product/9848RZ.jpg,144.0000
268,NO DESCRIPTION FOUND,https://www.cdn.lamps.com/media/catalog/product/cache/1/small_image/9df78eab33525d08d6e5fb8d27136e95/SH/product/07044-BLK.jpg,34.0000
269,NO DESCRIPTION FOUND,https://www.cdn.lamps.com/media/catalog/product/cache/1/small_image/9df78eab33525d08d6e5fb8d27136e95/KI/product/9564LD.jpg,1670.0000
270,NO DESCRIPTION FOUND,https://www.cdn.lamps.com/media/catalog/product/cache/1/small_image/9df78eab33525d08d6e5fb8d27136e95/QZL/product/MBH1613K.jpg,139.9900
271,Savoy House - 7-1140-1-71 - Messina Architectural Bronze 1 Light Outdoor Pendant,https://www.cdn.lamps.com/media/catalog/product/cache/1/small_image/9df78eab33525d08d6e5fb8d27136e95/SH/product/7-1140-1-71.jpg,$284.00
272,NO DESCRIPTION FOUND,https://www.cdn.lamps.com/media/catalog/product/cache/1/small_image/9df78eab33525d08d6e5fb8d27136e95/HF/product/363001_58_sil-copy.jpg,759.0000
273,NO DESCRIPTION FOUND,https://www.cdn.lamps.com/media/catalog/product/cache/1/small_image/9df78eab33525d08d6e5fb8d27136e95/MAX/product/55217WTBM.jpg,130.0000
274,NO DESCRIPTION FOUND,https://www.cdn.lamps.com/media/catalog/product/cache/1/small_image/9df78eab33525d08d6e5fb8d27136e95/KI/product/9809OZ.jpg,290.0000
275,NO DESCRIPTION FOUND,https://www.cdn.lamps.com/media/catalog/product/cache/1/small_image/9df78eab33525d08d6e5fb8d27136e95/KI/product/9322BK.jpg,36.0000
276,NO DESCRIPTION FOUND,https://www.cdn.lamps.com/media/catalog/product/cache/1/small_image/9df78eab33525d08d6e5fb8d27136e95/QZL/product/CHI1911IB.jpg,249.9900
277,NO DESCRIPTION FOUND,https://www.cdn.lamps.com/media/catalog/product/cache/1/small_image/9df78eab33525d08d6e5fb8d27136e95/KI/product/49447AZ.jpg,130.0000
278,NO DESCRIPTION FOUND,https://www.cdn.lamps.com/media/catalog/product/cache/1/small_image/9df78eab33525d08d6e5fb8d27136e95/KI/product/9538BKT.jpg,144.0000
279,NO DESCRIPTION FOUND,https://www.cdn.lamps.com/media/catalog/product/cache/1/small_image/9df78eab33525d08d6e5fb8d27136e95/MAX/product/85199FCCH.jpg,158.0000
280,NO DESCRIPTION FOUND,https://www.cdn.lamps.com/media/catalog/product/cache/1/small_image/9df78eab33525d08d6e5fb8d27136e95/GO/product/8694-61.jpg,369.9500
281,Savoy House - 1-1110-6-13 - Weston English Bronze 6 Light Outdoor Chandelier,https://www.cdn.lamps.com/media/catalog/product/cache/1/small_image/9df78eab33525d08d6e5fb8d27136e95/SH/product/1-1110-6-13.jpg,$798.00
282,NO DESCRIPTION FOUND,https://www.cdn.lamps.com/media/catalog/product/cache/1/small_image/9df78eab33525d08d6e5fb8d27136e95/QZL/product/HTR1908IB.jpg,279.9900
283,NO DESCRIPTION FOUND,https://www.cdn.lamps.com/media/catalog/product/cache/1/small_image/9df78eab33525d08d6e5fb8d27136e95/SH/product/KP-5-302-40.jpg,450.0000
284,NO DESCRIPTION FOUND,https://www.cdn.lamps.com/media/catalog/product/cache/1/small_image/9df78eab33525d08d6e5fb8d27136e95/KI/product/365BK.jpg,302.4000
285,NO DESCRIPTION FOUND,https://www.cdn.lamps.com/media/catalog/product/cache/1/small_image/9df78eab33525d08d6e5fb8d27136e95/GO/product/9154-A357-PL.jpg,295.9000
286,NO DESCRIPTION FOUND,https://www.cdn.lamps.com/media/catalog/product/cache/1/small_image/9df78eab33525d08d6e5fb8d27136e95/KI/product/9855LD.jpg,450.0000
287,NO DESCRIPTION FOUND,https://www.cdn.lamps.com/media/catalog/product/cache/1/small_image/9df78eab33525d08d6e5fb8d27136e95/QZL/product/HC1913IB.jpg,329.9900
288,NO DESCRIPTION FOUND,https://www.cdn.lamps.com/media/catalog/product/cache/1/small_image/9df78eab33525d08d6e5fb8d27136e95/KI/product/9564LD.jpg,1670.0000
289,NO DESCRIPTION FOUND,https://www.cdn.lamps.com/media/catalog/product/cache/1/small_image/9df78eab33525d08d6e5fb8d27136e95/QZL/product/MBH1613K.jpg,139.9900
290,Savoy House - 7-1140-1-71 - Messina Architectural Bronze 1 Light Outdoor Pendant,https://www.cdn.lamps.com/media/catalog/product/cache/1/small_image/9df78eab33525d08d6e5fb8d27136e95/SH/product/7-1140-1-71.jpg,$284.00
291,NO DESCRIPTION FOUND,https://www.cdn.lamps.com/media/catalog/product/cache/1/small_image/9df78eab33525d08d6e5fb8d27136e95/HF/product/363001_58_sil-copy.jpg,759.0000
292,NO DESCRIPTION FOUND,https://www.cdn.lamps.com/media/catalog/product/cache/1/small_image/9df78eab33525d08d6e5fb8d27136e95/MAX/product/55217WTBM.jpg,130.0000
293,NO DESCRIPTION FOUND,https://www.cdn.lamps.com/media/catalog/product/cache/1/small_image/9df78eab33525d08d6e5fb8d27136e95/KI/product/9809OZ.jpg,290.0000
294,NO DESCRIPTION FOUND,https://www.cdn.lamps.com/media/catalog/product/cache/1/small_image/9df78eab33525d08d6e5fb8d27136e95/KI/product/9322BK.jpg,36.0000
295,NO DESCRIPTION FOUND,https://www.cdn.lamps.com/media/catalog/product/cache/1/small_image/9df78eab33525d08d6e5fb8d27136e95/QZL/product/CHI1911IB.jpg,249.9900
296,NO DESCRIPTION FOUND,https://www.cdn.lamps.com/media/catalog/product/cache/1/small_image/9df78eab33525d08d6e5fb8d27136e95/KI/product/49447AZ.jpg,130.0000
297,NO DESCRIPTION FOUND,https://www.cdn.lamps.com/media/catalog/product/cache/1/small_image/9df78eab33525d08d6e5fb8d27136e95/KI/product/9538BKT.jpg,144.0000
298,NO DESCRIPTION FOUND,https://www.cdn.lamps.com/media/catalog/product/cache/1/small_image/9df78eab33525d08d6e5fb8d27136e95/MAX/product/85199FCCH.jpg,158.0000
299,NO DESCRIPTION FOUND,https://www.cdn.lamps.com/media/catalog/product/cache/1/small_image/9df78eab33525d08d6e5fb8d27136e95/GO/product/8694-61.jpg,369.9500
300,Savoy House - 1-1110-6-13 - Weston English Bronze 6 Light Outdoor Chandelier,https://www.cdn.lamps.com/media/catalog/product/cache/1/small_image/9df78eab33525d08d6e5fb8d27136e95/SH/product/1-1110-6-13.jpg,$798.00
301,NO DESCRIPTION FOUND,https://www.cdn.lamps.com/media/catalog/product/cache/1/small_image/9df78eab33525d08d6e5fb8d27136e95/QZL/product/HTR1908IB.jpg,279.9900
302,NO DESCRIPTION FOUND,https://www.cdn.lamps.com/media/catalog/product/cache/1/small_image/9df78eab33525d08d6e5fb8d27136e95/SH/product/KP-5-302-40.jpg,450.0000
303,NO DESCRIPTION FOUND,https://www.cdn.lamps.com/media/catalog/product/cache/1/small_image/9df78eab33525d08d6e5fb8d27136e95/KI/product/365BK.jpg,302.4000
304,NO DESCRIPTION FOUND,https://www.cdn.lamps.com/media/catalog/product/cache/1/small_image/9df78eab33525d08d6e5fb8d27136e95/GO/product/9154-A357-PL.jpg,295.9000
305,NO DESCRIPTION FOUND,https://www.cdn.lamps.com/media/catalog/product/cache/1/small_image/9df78eab33525d08d6e5fb8d27136e95/KI/product/9855LD.jpg,450.0000
306,NO DESCRIPTION FOUND,https://www.cdn.lamps.com/media/catalog/product/cache/1/small_image/9df78eab33525d08d6e5fb8d27136e95/QZL/product/HC1913IB.jpg,329.9900
307,NO DESCRIPTION FOUND,https://www.cdn.lamps.com/media/catalog/product/cache/1/small_image/9df78eab33525d08d6e5fb8d27136e95/MAX/product/1020BK.jpg,44.0000
308,NO DESCRIPTION FOUND,https://www.cdn.lamps.com/media/catalog/product/cache/1/small_image/9df78eab33525d08d6e5fb8d27136e95/KI/product/9843BK.jpg,376.0000
309,NO DESCRIPTION FOUND,https://www.cdn.lamps.com/media/catalog/product/cache/1/small_image/9df78eab33525d08d6e5fb8d27136e95/SH/product/07038-BZ.jpg,90.0000
310,NO DESCRIPTION FOUND,https://www.cdn.lamps.com/media/catalog/product/cache/1/small_image/9df78eab33525d08d6e5fb8d27136e95/WAC/product/790576298962.main.jpg,299.0000
311,NO DESCRIPTION FOUND,https://www.cdn.lamps.com/media/catalog/product/cache/1/small_image/9df78eab33525d08d6e5fb8d27136e95/HINK/product/1802OZ.jpg,239.0000
312,NO DESCRIPTION FOUND,https://www.cdn.lamps.com/media/catalog/product/cache/1/small_image/9df78eab33525d08d6e5fb8d27136e95/KI/product/9557PL.jpg,170.0000
313,NO DESCRIPTION FOUND,https://www.cdn.lamps.com/media/catalog/product/cache/1/small_image/9df78eab33525d08d6e5fb8d27136e95/KI/product/9805BK.jpg,84.0000
314,NO DESCRIPTION FOUND,https://www.cdn.lamps.com/media/catalog/product/cache/1/small_image/9df78eab33525d08d6e5fb8d27136e95/KI/product/9320WH.jpg,25.2000
315,NO DESCRIPTION FOUND,https://www.cdn.lamps.com/media/catalog/product/cache/1/small_image/9df78eab33525d08d6e5fb8d27136e95/HINK/product/2632OB.jpg,399.0000
316,NO DESCRIPTION FOUND,https://www.cdn.lamps.com/media/catalog/product/cache/1/small_image/9df78eab33525d08d6e5fb8d27136e95/MAX/product/41420WGGO.jpg,178.0000
317,NO DESCRIPTION FOUND,https://www.cdn.lamps.com/media/catalog/product/cache/1/small_image/9df78eab33525d08d6e5fb8d27136e95/KI/product/49412RZ.jpg,190.0000
318,NO DESCRIPTION FOUND,https://www.cdn.lamps.com/media/catalog/product/cache/1/small_image/9df78eab33525d08d6e5fb8d27136e95/MAX/product/55469SFSE.jpg,150.0000
319,The Great Outdoors - 8724-A615B - Harveston Manor 16.5 Inch Dorian Bronze Outdoor Pendant,https://www.cdn.lamps.com/media/catalog/product/cache/1/small_image/9df78eab33525d08d6e5fb8d27136e95/GO/product/8724-A615B.jpg,$219.95
320,NO DESCRIPTION FOUND,https://www.cdn.lamps.com/media/catalog/product/cache/1/small_image/9df78eab33525d08d6e5fb8d27136e95/KI/product/345TZ.jpg,31.5000
321,NO DESCRIPTION FOUND,https://www.cdn.lamps.com/media/catalog/product/cache/1/small_image/9df78eab33525d08d6e5fb8d27136e95/KI/product/49124AVIFL.jpg,300.0000
322,NO DESCRIPTION FOUND,https://www.cdn.lamps.com/media/catalog/product/cache/1/small_image/9df78eab33525d08d6e5fb8d27136e95/MAX/product/85439SWAE.jpg,112.0000
323,Savoy House - 5-703-113 - Norwalk Brushed Bronze 1 Light Outdoor Hanging Lantern,https://www.cdn.lamps.com/media/catalog/product/cache/1/small_image/9df78eab33525d08d6e5fb8d27136e95/SH/product/5-703-113.jpg,$158.00
324,NO DESCRIPTION FOUND,https://www.cdn.lamps.com/media/catalog/product/cache/1/small_image/9df78eab33525d08d6e5fb8d27136e95/FE/product/FS-OL7511HTBZ.jpg,256.0000
325,NO DESCRIPTION FOUND,https://www.cdn.lamps.com/media/catalog/product/cache/1/small_image/9df78eab33525d08d6e5fb8d27136e95/KI/product/49518ACO.jpg,210.0000
326,NO DESCRIPTION FOUND,https://www.cdn.lamps.com/media/catalog/product/cache/1/small_image/9df78eab33525d08d6e5fb8d27136e95/FE/product/FS-OL10909ABR.jpg,204.0000
327,NO DESCRIPTION FOUND,https://www.cdn.lamps.com/media/catalog/product/cache/1/small_image/9df78eab33525d08d6e5fb8d27136e95/FE/product/FS-OL11309BK.jpg,189.0000
328,NO DESCRIPTION FOUND,https://www.cdn.lamps.com/media/catalog/product/cache/1/small_image/9df78eab33525d08d6e5fb8d27136e95/ELK/product/42103_1.jpg,278.0000
329,NO DESCRIPTION FOUND,https://www.cdn.lamps.com/media/catalog/product/cache/1/small_image/9df78eab33525d08d6e5fb8d27136e95/QZL/product/GLN1910IB.jpg,239.9900
330,NO DESCRIPTION FOUND,https://www.cdn.lamps.com/media/catalog/product/cache/1/small_image/9df78eab33525d08d6e5fb8d27136e95/KI/product/9892TZ.jpg,90.0000
331,NO DESCRIPTION FOUND,https://www.cdn.lamps.com/media/catalog/product/cache/1/small_image/9df78eab33525d08d6e5fb8d27136e95/MAX/product/55213WTBM.jpg,178.0000
332,NO DESCRIPTION FOUND,https://www.cdn.lamps.com/media/catalog/product/cache/1/small_image/9df78eab33525d08d6e5fb8d27136e95/SH/product/5-1502-52.jpg,140.0000
333,NO DESCRIPTION FOUND,https://www.cdn.lamps.com/media/catalog/product/cache/1/small_image/9df78eab33525d08d6e5fb8d27136e95/HINK/product/2413HE.jpg,125.0000
334,NO DESCRIPTION FOUND,https://www.cdn.lamps.com/media/catalog/product/cache/1/small_image/9df78eab33525d08d6e5fb8d27136e95/ELK/product/41999_2.jpg,238.0000
335,NO DESCRIPTION FOUND,https://www.cdn.lamps.com/media/catalog/product/cache/1/small_image/9df78eab33525d08d6e5fb8d27136e95/GO/product/8274-A357-L.jpg,169.4300
336,NO DESCRIPTION FOUND,https://www.cdn.lamps.com/media/catalog/product/cache/1/small_image/9df78eab33525d08d6e5fb8d27136e95/FE/product/FS-OL5412BK.jpg,339.0000
337,NO DESCRIPTION FOUND,https://www.cdn.lamps.com/media/catalog/product/cache/1/small_image/9df78eab33525d08d6e5fb8d27136e95/FE/product/FS-OL11109DWZ.jpg,299.0000
338,NO DESCRIPTION FOUND,https://www.cdn.lamps.com/media/catalog/product/cache/1/small_image/9df78eab33525d08d6e5fb8d27136e95/KI/product/49348PSS316.jpg,194.0000
339,NO DESCRIPTION FOUND,https://www.cdn.lamps.com/media/catalog/product/cache/1/small_image/9df78eab33525d08d6e5fb8d27136e95/FE/product/FS-OL7513HTBZ.jpg,182.0000
340,NO DESCRIPTION FOUND,https://www.cdn.lamps.com/media/catalog/product/cache/1/small_image/9df78eab33525d08d6e5fb8d27136e95/HINK/product/1322KZ.jpg,219.0000
341,NO DESCRIPTION FOUND,https://www.cdn.lamps.com/media/catalog/product/cache/1/small_image/9df78eab33525d08d6e5fb8d27136e95/MAX/product/1036BK.jpg,76.0000
342,NO DESCRIPTION FOUND,https://www.cdn.lamps.com/media/catalog/product/cache/1/small_image/9df78eab33525d08d6e5fb8d27136e95/KI/product/49205BKFL.jpg,190.0000
343,NO DESCRIPTION FOUND,https://www.cdn.lamps.com/media/catalog/product/cache/1/small_image/9df78eab33525d08d6e5fb8d27136e95/FE/product/FS-OL8511ORB.jpg,119.0000
344,NO DESCRIPTION FOUND,https://www.cdn.lamps.com/media/catalog/product/cache/1/small_image/9df78eab33525d08d6e5fb8d27136e95/SH/product/5-60328-186.jpg,260.0000
345,NO DESCRIPTION FOUND,https://www.cdn.lamps.com/media/catalog/product/cache/1/small_image/9df78eab33525d08d6e5fb8d27136e95/KI/product/49125AVI.jpg,134.0000
346,NO DESCRIPTION FOUND,https://www.cdn.lamps.com/media/catalog/product/cache/1/small_image/9df78eab33525d08d6e5fb8d27136e95/SH/product/5-494-13.jpg,198.0000
